id,title,description,publishedAt,tags,categoryId,viewCount,likeCount,favoriteCount,commentCount,duration,definition,caption,licensedContent,uploadStatus,privacyStatus,embeddable,publicStatsViewable,channel_id,channel_title,channel_description,channel_country,channel_thumbnail,channel_subscriberCount,channel_videoCount,transcript
2V3s_d3MCE4,Live: FIP Silver Lisboa Racket Centre 2025 Semifinals,"Welcome to the livestream of the FIP Silver, hosted at my Padel club, Lisboa Racket Centre! üéæ‚ú®

Join me for an exciting day of world-class padel, featuring top players competing in thrilling matches on our courts. 

Whether you‚Äôre watching live from Lisbon or tuning in from anywhere around the world, this is your chance to experience the action, energy, and passion of international padel.",2025-09-21T16:24:41Z,[],17,228751,19483,0,50,PT7H36M51S,hd,false,True,processed,public,True,True,UCtxD0x6AuNNqdXO9Wp5GHew,UR ¬∑ Cristiano,Welcome to UR Cristiano - the official YouTube channel of Cristiano Ronaldo. SIUUUbscribe!,PT,https://yt3.ggpht.com/7HR7AS1zqCg3HDKKhU734Hoqaz277rXAkSkjJlui8cf_jrw31GZF2aPn3i9JS6Hhwgcxutp0jg=s88-c-k-c0x00ffffff-no-rj,76700000,111,
ARzb2K2FFwk,Live: FIP Silver Lisboa Racket Centre 2025 finals,"Welcome to the livestream of the FIP Silver, hosted at my Padel club, Lisboa Racket Centre! üéæ‚ú®

Join me for an exciting day of world-class padel, featuring top players competing in thrilling matches on our courts. 

Whether you‚Äôre watching live from Lisbon or tuning in from anywhere around the world, this is your chance to experience the action, energy, and passion of international padel.",2025-09-21T16:03:25Z,[],17,93031,13591,0,0,P0D,sd,false,True,uploaded,public,True,True,UCtxD0x6AuNNqdXO9Wp5GHew,UR ¬∑ Cristiano,Welcome to UR Cristiano - the official YouTube channel of Cristiano Ronaldo. SIUUUbscribe!,PT,https://yt3.ggpht.com/7HR7AS1zqCg3HDKKhU734Hoqaz277rXAkSkjJlui8cf_jrw31GZF2aPn3i9JS6Hhwgcxutp0jg=s88-c-k-c0x00ffffff-no-rj,76700000,111,
ZRnRD5LE_kg,Live: FIP Silver Lisboa Padel 2025 Finals,|,2025-09-20T10:32:32Z,[],17,213596,24771,0,486,PT1H32M28S,hd,false,True,processed,public,True,True,UCtxD0x6AuNNqdXO9Wp5GHew,UR ¬∑ Cristiano,Welcome to UR Cristiano - the official YouTube channel of Cristiano Ronaldo. SIUUUbscribe!,PT,https://yt3.ggpht.com/7HR7AS1zqCg3HDKKhU734Hoqaz277rXAkSkjJlui8cf_jrw31GZF2aPn3i9JS6Hhwgcxutp0jg=s88-c-k-c0x00ffffff-no-rj,76700000,111,
JfMbboNYWX8,"I came here to do what I love, but I #StayedForMore","The people, the energy, and the world-class events that surprise me everyday. Check out the Saudi Unreal Calendar here
@visitsaudi 
 
https://www.visitsaudi.com/Calendar",2025-09-01T18:06:20Z,[],17,1180117,110637,0,9633,PT1M3S,hd,false,False,processed,public,True,True,UCtxD0x6AuNNqdXO9Wp5GHew,UR ¬∑ Cristiano,Welcome to UR Cristiano - the official YouTube channel of Cristiano Ronaldo. SIUUUbscribe!,PT,https://yt3.ggpht.com/7HR7AS1zqCg3HDKKhU734Hoqaz277rXAkSkjJlui8cf_jrw31GZF2aPn3i9JS6Hhwgcxutp0jg=s88-c-k-c0x00ffffff-no-rj,76700000,111,
c-wLj9OiMpw,One year of UR Cristiano üéâ,"Thank you all for being part of this journey! Let's celebrate together with a special concert of my friend Luan, soon!",2025-08-21T17:00:57Z,[],17,1221552,76374,0,5428,PT21S,hd,false,True,processed,public,True,True,UCtxD0x6AuNNqdXO9Wp5GHew,UR ¬∑ Cristiano,Welcome to UR Cristiano - the official YouTube channel of Cristiano Ronaldo. SIUUUbscribe!,PT,https://yt3.ggpht.com/7HR7AS1zqCg3HDKKhU734Hoqaz277rXAkSkjJlui8cf_jrw31GZF2aPn3i9JS6Hhwgcxutp0jg=s88-c-k-c0x00ffffff-no-rj,76700000,111,
CZ1-c1SmiQw,Join me in the AMAZING CR7 Life Museum!,,2025-07-09T17:52:12Z,[],17,1926825,110290,0,7909,PT32S,hd,false,True,processed,public,True,True,UCtxD0x6AuNNqdXO9Wp5GHew,UR ¬∑ Cristiano,Welcome to UR Cristiano - the official YouTube channel of Cristiano Ronaldo. SIUUUbscribe!,PT,https://yt3.ggpht.com/7HR7AS1zqCg3HDKKhU734Hoqaz277rXAkSkjJlui8cf_jrw31GZF2aPn3i9JS6Hhwgcxutp0jg=s88-c-k-c0x00ffffff-no-rj,76700000,111,
yxQPyHMkl2E,Now it's your time to Rise Above!,"In every era, a rare few rise above the rest. Now it‚Äôs your time.
Esports World Cup starts July 7 ‚Äî with over 2,000 athletes ready to make history.

@EsportsWorldCup #EsportsWorldCup #EWC25",2025-07-01T17:46:53Z,[],17,1811100,110667,0,5745,PT30S,hd,false,True,processed,public,True,True,UCtxD0x6AuNNqdXO9Wp5GHew,UR ¬∑ Cristiano,Welcome to UR Cristiano - the official YouTube channel of Cristiano Ronaldo. SIUUUbscribe!,PT,https://yt3.ggpht.com/7HR7AS1zqCg3HDKKhU734Hoqaz277rXAkSkjJlui8cf_jrw31GZF2aPn3i9JS6Hhwgcxutp0jg=s88-c-k-c0x00ffffff-no-rj,76700000,111,
x_IRSJ9EOxA,"‚ÄúI believe in Al Nassr, I believe in this project.‚Äù",‚ÄúThis season will be our best season ever‚Äù. Cristiano explains to Al Nassr TV why he has decided to keep playing for the Club.,2025-06-28T19:04:50Z,[],17,2385410,154323,0,20299,PT10M38S,hd,false,True,processed,public,True,True,UCtxD0x6AuNNqdXO9Wp5GHew,UR ¬∑ Cristiano,Welcome to UR Cristiano - the official YouTube channel of Cristiano Ronaldo. SIUUUbscribe!,PT,https://yt3.ggpht.com/7HR7AS1zqCg3HDKKhU734Hoqaz277rXAkSkjJlui8cf_jrw31GZF2aPn3i9JS6Hhwgcxutp0jg=s88-c-k-c0x00ffffff-no-rj,76700000,111,
Drj1-WLCm1o,The Story Continues‚Ä¶,,2025-06-26T13:18:11Z,[],17,1897601,166689,0,17125,PT40S,hd,false,True,processed,public,True,True,UCtxD0x6AuNNqdXO9Wp5GHew,UR ¬∑ Cristiano,Welcome to UR Cristiano - the official YouTube channel of Cristiano Ronaldo. SIUUUbscribe!,PT,https://yt3.ggpht.com/7HR7AS1zqCg3HDKKhU734Hoqaz277rXAkSkjJlui8cf_jrw31GZF2aPn3i9JS6Hhwgcxutp0jg=s88-c-k-c0x00ffffff-no-rj,76700000,111,
183L0H7bRZU,UN TRIUNFO DE PORTUGAL PARA TODOS LOS PORTUGUESES,"En el D√≠a de Portugal, recordamos una victoria que nos hizo vibrar a todos: el √∫ltimo gran triunfo de la selecci√≥n en la UEFA Nations League. Porque cuando gana Portugal, ganamos todos.",2025-06-10T17:16:56Z,[],17,2054967,222339,0,16721,PT53S,hd,false,True,processed,public,True,True,UCtxD0x6AuNNqdXO9Wp5GHew,UR ¬∑ Cristiano,Welcome to UR Cristiano - the official YouTube channel of Cristiano Ronaldo. SIUUUbscribe!,PT,https://yt3.ggpht.com/7HR7AS1zqCg3HDKKhU734Hoqaz277rXAkSkjJlui8cf_jrw31GZF2aPn3i9JS6Hhwgcxutp0jg=s88-c-k-c0x00ffffff-no-rj,76700000,111,
2auLO7ea9tQ,...And Action! üé¨,"I'm excited to announce UR‚Ä¢MARV, my new film studio with Matthew Vaughn, and can't wait to tell you about our first movie. Coming soon! üëÄ",2025-04-11T07:00:03Z,[],17,2287540,153206,0,23287,PT1M33S,hd,false,False,processed,public,True,True,UCtxD0x6AuNNqdXO9Wp5GHew,UR ¬∑ Cristiano,Welcome to UR Cristiano - the official YouTube channel of Cristiano Ronaldo. SIUUUbscribe!,PT,https://yt3.ggpht.com/7HR7AS1zqCg3HDKKhU734Hoqaz277rXAkSkjJlui8cf_jrw31GZF2aPn3i9JS6Hhwgcxutp0jg=s88-c-k-c0x00ffffff-no-rj,76700000,111,
mLNz-_X1aGA,24 hours with Gio in Paris | By Gio,,2025-04-07T11:13:34Z,[],17,3591649,156124,0,13526,PT41S,hd,false,True,processed,public,True,True,UCtxD0x6AuNNqdXO9Wp5GHew,UR ¬∑ Cristiano,Welcome to UR Cristiano - the official YouTube channel of Cristiano Ronaldo. SIUUUbscribe!,PT,https://yt3.ggpht.com/7HR7AS1zqCg3HDKKhU734Hoqaz277rXAkSkjJlui8cf_jrw31GZF2aPn3i9JS6Hhwgcxutp0jg=s88-c-k-c0x00ffffff-no-rj,76700000,111,
pdjt7bCn558,Join me in a Fashion Show in the Alpes,,2025-04-01T09:23:31Z,[],17,3144176,123141,0,4541,PT17S,hd,false,True,processed,public,True,True,UCtxD0x6AuNNqdXO9Wp5GHew,UR ¬∑ Cristiano,Welcome to UR Cristiano - the official YouTube channel of Cristiano Ronaldo. SIUUUbscribe!,PT,https://yt3.ggpht.com/7HR7AS1zqCg3HDKKhU734Hoqaz277rXAkSkjJlui8cf_jrw31GZF2aPn3i9JS6Hhwgcxutp0jg=s88-c-k-c0x00ffffff-no-rj,76700000,111,
6C-iqXvAE2M,The MOST EXCLUSIVE Fashion Show In The Alpes | By Gio,,2025-03-31T14:03:23Z,[],17,1542383,79976,0,5979,PT6M39S,hd,true,True,processed,public,True,True,UCtxD0x6AuNNqdXO9Wp5GHew,UR ¬∑ Cristiano,Welcome to UR Cristiano - the official YouTube channel of Cristiano Ronaldo. SIUUUbscribe!,PT,https://yt3.ggpht.com/7HR7AS1zqCg3HDKKhU734Hoqaz277rXAkSkjJlui8cf_jrw31GZF2aPn3i9JS6Hhwgcxutp0jg=s88-c-k-c0x00ffffff-no-rj,76700000,111,
aiYzX7FGkqQ,My AMAZING Experience at Fashion Week Paris (Part: 2) | By Gio,,2025-03-24T14:00:02Z,[],17,985725,63017,0,3808,PT5M30S,hd,false,True,processed,public,True,True,UCtxD0x6AuNNqdXO9Wp5GHew,UR ¬∑ Cristiano,Welcome to UR Cristiano - the official YouTube channel of Cristiano Ronaldo. SIUUUbscribe!,PT,https://yt3.ggpht.com/7HR7AS1zqCg3HDKKhU734Hoqaz277rXAkSkjJlui8cf_jrw31GZF2aPn3i9JS6Hhwgcxutp0jg=s88-c-k-c0x00ffffff-no-rj,76700000,111,
Z8GBQt9yhOg,My AMAZING Experience at Fashion Week Paris (Part: 1) | By Gio,,2025-03-20T11:05:34Z,[],17,2607014,111478,0,3729,PT14S,hd,false,True,processed,public,True,True,UCtxD0x6AuNNqdXO9Wp5GHew,UR ¬∑ Cristiano,Welcome to UR Cristiano - the official YouTube channel of Cristiano Ronaldo. SIUUUbscribe!,PT,https://yt3.ggpht.com/7HR7AS1zqCg3HDKKhU734Hoqaz277rXAkSkjJlui8cf_jrw31GZF2aPn3i9JS6Hhwgcxutp0jg=s88-c-k-c0x00ffffff-no-rj,76700000,111,
7RXnUHQwli8,My AMAZING Experience at Fashion Week Paris (Part: 1) | By Gio,,2025-03-19T14:58:00Z,[],17,2657162,125888,0,9232,PT6M48S,hd,false,True,processed,public,True,True,UCtxD0x6AuNNqdXO9Wp5GHew,UR ¬∑ Cristiano,Welcome to UR Cristiano - the official YouTube channel of Cristiano Ronaldo. SIUUUbscribe!,PT,https://yt3.ggpht.com/7HR7AS1zqCg3HDKKhU734Hoqaz277rXAkSkjJlui8cf_jrw31GZF2aPn3i9JS6Hhwgcxutp0jg=s88-c-k-c0x00ffffff-no-rj,76700000,111,
AbklN9B55Jg,LIVE: Riyadh Premier Padel Finals,"Join Cristiano Ronaldo in this amazing event, following his new passion",2025-02-17T16:30:56Z,[],17,1267643,71098,0,3165,PT2H35M31S,hd,false,False,processed,public,True,True,UCtxD0x6AuNNqdXO9Wp5GHew,UR ¬∑ Cristiano,Welcome to UR Cristiano - the official YouTube channel of Cristiano Ronaldo. SIUUUbscribe!,PT,https://yt3.ggpht.com/7HR7AS1zqCg3HDKKhU734Hoqaz277rXAkSkjJlui8cf_jrw31GZF2aPn3i9JS6Hhwgcxutp0jg=s88-c-k-c0x00ffffff-no-rj,76700000,111,
cN6RgkthoXM,"Los Secretos del Real Madrid, Messi, Barcelona y Mbapp√© - Cristiano Ronaldo",,2025-02-17T13:18:04Z,[],17,3645390,188539,0,14345,PT1H10M12S,hd,false,True,processed,public,True,True,UCtxD0x6AuNNqdXO9Wp5GHew,UR ¬∑ Cristiano,Welcome to UR Cristiano - the official YouTube channel of Cristiano Ronaldo. SIUUUbscribe!,PT,https://yt3.ggpht.com/7HR7AS1zqCg3HDKKhU734Hoqaz277rXAkSkjJlui8cf_jrw31GZF2aPn3i9JS6Hhwgcxutp0jg=s88-c-k-c0x00ffffff-no-rj,76700000,111,
aPNg1E1tJaY,TOMORROW: Full ITW of Cristiano with Edu. Exclusive segments not seen before,,2025-02-16T18:51:03Z,[],17,796036,74829,0,6206,PT57S,hd,false,True,processed,public,True,True,UCtxD0x6AuNNqdXO9Wp5GHew,UR ¬∑ Cristiano,Welcome to UR Cristiano - the official YouTube channel of Cristiano Ronaldo. SIUUUbscribe!,PT,https://yt3.ggpht.com/7HR7AS1zqCg3HDKKhU734Hoqaz277rXAkSkjJlui8cf_jrw31GZF2aPn3i9JS6Hhwgcxutp0jg=s88-c-k-c0x00ffffff-no-rj,76700000,111,
1h-zdPlWu4Y,TOMORROW: Full ITW of Cristiano with Edu. Exclusive segments not seen before,,2025-02-16T18:47:02Z,[],17,3107217,179334,0,14036,PT57S,hd,false,True,processed,public,True,True,UCtxD0x6AuNNqdXO9Wp5GHew,UR ¬∑ Cristiano,Welcome to UR Cristiano - the official YouTube channel of Cristiano Ronaldo. SIUUUbscribe!,PT,https://yt3.ggpht.com/7HR7AS1zqCg3HDKKhU734Hoqaz277rXAkSkjJlui8cf_jrw31GZF2aPn3i9JS6Hhwgcxutp0jg=s88-c-k-c0x00ffffff-no-rj,76700000,111,
EsMqByk0xYE,The biggest siuuu ever: ‚ÄúHappy birthday Cristiano‚Äù.,"Fans from Madrid, New York and Mexico gather together to celebrate Cristiano‚Äôs birthday.",2025-02-06T06:24:40Z,[],17,1484651,174811,0,20455,PT6M20S,hd,false,True,processed,public,True,True,UCtxD0x6AuNNqdXO9Wp5GHew,UR ¬∑ Cristiano,Welcome to UR Cristiano - the official YouTube channel of Cristiano Ronaldo. SIUUUbscribe!,PT,https://yt3.ggpht.com/7HR7AS1zqCg3HDKKhU734Hoqaz277rXAkSkjJlui8cf_jrw31GZF2aPn3i9JS6Hhwgcxutp0jg=s88-c-k-c0x00ffffff-no-rj,76700000,111,
b5mqa18JOS4,"Cristiano: ""Mbapp√© es un crack!""","Entrevista exclusiva con Cristiano Ronaldo, ""Los Amigos de Edu"", en La Sexta, el pr√≥ximo 3 de febrero a las 22:30 (hora de Madrid). Muy pronto podr√°s ver la versi√≥n √≠ntegra en UR.",2025-01-30T11:35:01Z,[],17,2634942,203167,0,27079,PT1M8S,hd,false,True,processed,public,True,True,UCtxD0x6AuNNqdXO9Wp5GHew,UR ¬∑ Cristiano,Welcome to UR Cristiano - the official YouTube channel of Cristiano Ronaldo. SIUUUbscribe!,PT,https://yt3.ggpht.com/7HR7AS1zqCg3HDKKhU734Hoqaz277rXAkSkjJlui8cf_jrw31GZF2aPn3i9JS6Hhwgcxutp0jg=s88-c-k-c0x00ffffff-no-rj,76700000,111,
os5d_GFyEHM,From Teen Sensation to Global Icon: Ronaldo's Incredible Man United Journey!,,2025-01-20T14:01:01Z,[],17,1796080,171549,0,11961,PT3M,hd,false,True,processed,public,True,True,UCtxD0x6AuNNqdXO9Wp5GHew,UR ¬∑ Cristiano,Welcome to UR Cristiano - the official YouTube channel of Cristiano Ronaldo. SIUUUbscribe!,PT,https://yt3.ggpht.com/7HR7AS1zqCg3HDKKhU734Hoqaz277rXAkSkjJlui8cf_jrw31GZF2aPn3i9JS6Hhwgcxutp0jg=s88-c-k-c0x00ffffff-no-rj,76700000,111,
aABKxaKtLkM,Everything you didn't see of my collab with MrBeast (BTS),,2025-01-09T14:00:00Z,[],17,3954878,249637,0,14577,PT4M,hd,false,True,processed,public,True,True,UCtxD0x6AuNNqdXO9Wp5GHew,UR ¬∑ Cristiano,Welcome to UR Cristiano - the official YouTube channel of Cristiano Ronaldo. SIUUUbscribe!,PT,https://yt3.ggpht.com/7HR7AS1zqCg3HDKKhU734Hoqaz277rXAkSkjJlui8cf_jrw31GZF2aPn3i9JS6Hhwgcxutp0jg=s88-c-k-c0x00ffffff-no-rj,76700000,111,
yBhSMQWFOFw,"Cristiano shoots, MrBeast tries to stop it... and painfully fails! üñêÔ∏è‚öΩ",,2025-01-03T13:57:57Z,[],17,6777675,369445,0,18150,PT24S,hd,false,True,processed,public,True,True,UCtxD0x6AuNNqdXO9Wp5GHew,UR ¬∑ Cristiano,Welcome to UR Cristiano - the official YouTube channel of Cristiano Ronaldo. SIUUUbscribe!,PT,https://yt3.ggpht.com/7HR7AS1zqCg3HDKKhU734Hoqaz277rXAkSkjJlui8cf_jrw31GZF2aPn3i9JS6Hhwgcxutp0jg=s88-c-k-c0x00ffffff-no-rj,76700000,111,
z-ZHtSfWiMw,Cristiano Ronaldo and his kids dance with Santa Claus!,Watch the full Santa Claus trip on the channel!,2024-12-30T14:04:31Z,[],17,3757954,282699,0,8758,PT26S,hd,false,True,processed,public,True,True,UCtxD0x6AuNNqdXO9Wp5GHew,UR ¬∑ Cristiano,Welcome to UR Cristiano - the official YouTube channel of Cristiano Ronaldo. SIUUUbscribe!,PT,https://yt3.ggpht.com/7HR7AS1zqCg3HDKKhU734Hoqaz277rXAkSkjJlui8cf_jrw31GZF2aPn3i9JS6Hhwgcxutp0jg=s88-c-k-c0x00ffffff-no-rj,76700000,111,
SG2f3r2Fz6Y,It‚Äôs just a little cold ü•∂üòÇ,Watch my complete family trip video on the Channel now!,2024-12-25T11:13:58Z,[],17,5643607,493645,0,28876,PT2M4S,hd,false,True,processed,public,True,True,UCtxD0x6AuNNqdXO9Wp5GHew,UR ¬∑ Cristiano,Welcome to UR Cristiano - the official YouTube channel of Cristiano Ronaldo. SIUUUbscribe!,PT,https://yt3.ggpht.com/7HR7AS1zqCg3HDKKhU734Hoqaz277rXAkSkjJlui8cf_jrw31GZF2aPn3i9JS6Hhwgcxutp0jg=s88-c-k-c0x00ffffff-no-rj,76700000,111,
9bPo1-YAfhw,Our Christmas message to the world (from Santa‚Äôs village),Join us on a magical family adventure to meet the real Santa Claus in Lapland. A special Christmas message for you all.,2024-12-24T18:39:36Z,[],17,5495377,379709,0,25896,PT9M39S,hd,true,True,processed,public,True,True,UCtxD0x6AuNNqdXO9Wp5GHew,UR ¬∑ Cristiano,Welcome to UR Cristiano - the official YouTube channel of Cristiano Ronaldo. SIUUUbscribe!,PT,https://yt3.ggpht.com/7HR7AS1zqCg3HDKKhU734Hoqaz277rXAkSkjJlui8cf_jrw31GZF2aPn3i9JS6Hhwgcxutp0jg=s88-c-k-c0x00ffffff-no-rj,76700000,111,
nOG-CaENIEY,How Many goalkeepers Does It Take to Stop Ronaldo?,"One, then two, three, four‚Ä¶ MrBeast and his crew try to block a penalty from Cristiano Ronaldo. Each goal scored adds an extra goalkeeper‚Ä¶",2024-12-23T14:00:06Z,[],17,24531350,981328,0,38078,PT7M16S,hd,true,True,processed,public,True,True,UCtxD0x6AuNNqdXO9Wp5GHew,UR ¬∑ Cristiano,Welcome to UR Cristiano - the official YouTube channel of Cristiano Ronaldo. SIUUUbscribe!,PT,https://yt3.ggpht.com/7HR7AS1zqCg3HDKKhU734Hoqaz277rXAkSkjJlui8cf_jrw31GZF2aPn3i9JS6Hhwgcxutp0jg=s88-c-k-c0x00ffffff-no-rj,76700000,111,
THfRxNX5xaw,The One Thing Cristiano Ronaldo's Kids Want From MrBeast!,,2024-12-19T14:00:27Z,[],17,4751373,335927,0,5223,PT20S,hd,false,True,processed,public,True,True,UCtxD0x6AuNNqdXO9Wp5GHew,UR ¬∑ Cristiano,Welcome to UR Cristiano - the official YouTube channel of Cristiano Ronaldo. SIUUUbscribe!,PT,https://yt3.ggpht.com/7HR7AS1zqCg3HDKKhU734Hoqaz277rXAkSkjJlui8cf_jrw31GZF2aPn3i9JS6Hhwgcxutp0jg=s88-c-k-c0x00ffffff-no-rj,76700000,111,
1ddy3O1Ma4U,The Ultimate Christmas Surprise for Cristiano‚Äôs Kids,Christmas is coming and nothing better for Cristiano Ronaldo‚Äôs kids to celebrate than meeting their favorite YouTuber.,2024-12-16T14:00:06Z,[],17,5603468,305444,0,10299,PT2M59S,hd,true,True,processed,public,True,True,UCtxD0x6AuNNqdXO9Wp5GHew,UR ¬∑ Cristiano,Welcome to UR Cristiano - the official YouTube channel of Cristiano Ronaldo. SIUUUbscribe!,PT,https://yt3.ggpht.com/7HR7AS1zqCg3HDKKhU734Hoqaz277rXAkSkjJlui8cf_jrw31GZF2aPn3i9JS6Hhwgcxutp0jg=s88-c-k-c0x00ffffff-no-rj,76700000,111,
ff-QlTXSVz8,12 Iconic Moments That Will Make You Admire Cristiano Forever,From ‚ÄòQu√© mir√°s bobo‚Äô to beating Mr. Beast with his son Cris Jr: UR Cristiano launched in 2024 and we've already had some amazing moments together!,2024-12-13T14:00:06Z,[],17,2810917,218575,0,10893,PT10M3S,hd,false,True,processed,public,True,True,UCtxD0x6AuNNqdXO9Wp5GHew,UR ¬∑ Cristiano,Welcome to UR Cristiano - the official YouTube channel of Cristiano Ronaldo. SIUUUbscribe!,PT,https://yt3.ggpht.com/7HR7AS1zqCg3HDKKhU734Hoqaz277rXAkSkjJlui8cf_jrw31GZF2aPn3i9JS6Hhwgcxutp0jg=s88-c-k-c0x00ffffff-no-rj,76700000,111,
WhEH6nCYFy0,This Is How I Recover After Every Game!,"Cristiano Ronaldo shows us his LedBoots, the recovery boots with innovative LED technology developed for him and all athletes. Visit https://avathletes.com and find out more.",2024-12-11T14:34:18Z,[],17,3589736,236956,0,11369,PT1M42S,hd,false,True,processed,public,True,True,UCtxD0x6AuNNqdXO9Wp5GHew,UR ¬∑ Cristiano,Welcome to UR Cristiano - the official YouTube channel of Cristiano Ronaldo. SIUUUbscribe!,PT,https://yt3.ggpht.com/7HR7AS1zqCg3HDKKhU734Hoqaz277rXAkSkjJlui8cf_jrw31GZF2aPn3i9JS6Hhwgcxutp0jg=s88-c-k-c0x00ffffff-no-rj,76700000,111,
RvdxPiHOM1M,Cristiano's Mind Blowing Answer!!!,,2024-12-10T16:49:01Z,[],17,3545290,271056,0,5076,PT27S,hd,false,True,processed,public,True,True,UCtxD0x6AuNNqdXO9Wp5GHew,UR ¬∑ Cristiano,Welcome to UR Cristiano - the official YouTube channel of Cristiano Ronaldo. SIUUUbscribe!,PT,https://yt3.ggpht.com/7HR7AS1zqCg3HDKKhU734Hoqaz277rXAkSkjJlui8cf_jrw31GZF2aPn3i9JS6Hhwgcxutp0jg=s88-c-k-c0x00ffffff-no-rj,76700000,111,
K-oLr-43ejs,"Jordan, Brady, Cristiano‚Ä¶ Who Said This?","Cristiano Jr helps his father trying to beat MrBeast in the game you didn't know you need!

Dubbing available in English, Spanish and Arabic.",2024-12-09T14:00:17Z,[],17,13394519,729441,0,27779,PT9M49S,hd,true,True,processed,public,True,True,UCtxD0x6AuNNqdXO9Wp5GHew,UR ¬∑ Cristiano,Welcome to UR Cristiano - the official YouTube channel of Cristiano Ronaldo. SIUUUbscribe!,PT,https://yt3.ggpht.com/7HR7AS1zqCg3HDKKhU734Hoqaz277rXAkSkjJlui8cf_jrw31GZF2aPn3i9JS6Hhwgcxutp0jg=s88-c-k-c0x00ffffff-no-rj,76700000,111,
AHSvnq4acvw,Craziest Cristiano Ronaldo‚Äôs shot!,,2024-12-05T14:10:35Z,[],17,5186791,459208,0,8941,PT21S,hd,false,True,processed,public,True,True,UCtxD0x6AuNNqdXO9Wp5GHew,UR ¬∑ Cristiano,Welcome to UR Cristiano - the official YouTube channel of Cristiano Ronaldo. SIUUUbscribe!,PT,https://yt3.ggpht.com/7HR7AS1zqCg3HDKKhU734Hoqaz277rXAkSkjJlui8cf_jrw31GZF2aPn3i9JS6Hhwgcxutp0jg=s88-c-k-c0x00ffffff-no-rj,76700000,111,
WKd8KMaJ0r0,I teach Mr Beast how to Siuuu!,,2024-11-30T17:01:34Z,[],17,6343326,601209,0,9141,PT19S,hd,false,True,processed,public,True,True,UCtxD0x6AuNNqdXO9Wp5GHew,UR ¬∑ Cristiano,Welcome to UR Cristiano - the official YouTube channel of Cristiano Ronaldo. SIUUUbscribe!,PT,https://yt3.ggpht.com/7HR7AS1zqCg3HDKKhU734Hoqaz277rXAkSkjJlui8cf_jrw31GZF2aPn3i9JS6Hhwgcxutp0jg=s88-c-k-c0x00ffffff-no-rj,76700000,111,
_ZsZ4-HyjCg,I face off with MrBeast,"Cristiano and Jimmy engage in a high-stakes challenge‚Ä¶ and they put all their subscribers on the line.
Check out MrBeast‚Äôs awesome collab https://youtu.be/0BjlBnfHcHM

Available in English, Spanish and Portuguese.",2024-11-30T17:00:06Z,[],17,34260744,2353968,0,68679,PT12M26S,hd,true,True,processed,public,True,True,UCtxD0x6AuNNqdXO9Wp5GHew,UR ¬∑ Cristiano,Welcome to UR Cristiano - the official YouTube channel of Cristiano Ronaldo. SIUUUbscribe!,PT,https://yt3.ggpht.com/7HR7AS1zqCg3HDKKhU734Hoqaz277rXAkSkjJlui8cf_jrw31GZF2aPn3i9JS6Hhwgcxutp0jg=s88-c-k-c0x00ffffff-no-rj,76700000,111,
w-58fI22LU8,Cristiano faces off with MrBeast,,2024-11-29T17:01:03Z,[],17,5169382,562205,0,8798,PT20S,hd,false,True,processed,public,True,True,UCtxD0x6AuNNqdXO9Wp5GHew,UR ¬∑ Cristiano,Welcome to UR Cristiano - the official YouTube channel of Cristiano Ronaldo. SIUUUbscribe!,PT,https://yt3.ggpht.com/7HR7AS1zqCg3HDKKhU734Hoqaz277rXAkSkjJlui8cf_jrw31GZF2aPn3i9JS6Hhwgcxutp0jg=s88-c-k-c0x00ffffff-no-rj,76700000,111,
5l8YJCzzryc,MrBeast and Cristiano breaking the internet,,2024-11-23T14:00:05Z,[],17,3805944,469348,0,10210,PT15S,hd,false,True,processed,public,True,True,UCtxD0x6AuNNqdXO9Wp5GHew,UR ¬∑ Cristiano,Welcome to UR Cristiano - the official YouTube channel of Cristiano Ronaldo. SIUUUbscribe!,PT,https://yt3.ggpht.com/7HR7AS1zqCg3HDKKhU734Hoqaz277rXAkSkjJlui8cf_jrw31GZF2aPn3i9JS6Hhwgcxutp0jg=s88-c-k-c0x00ffffff-no-rj,76700000,111,
aDF_ESN80r8,I Meet MrBeast To Break The Internet!!,Cristiano Ronaldo meets the biggest Youtuber and Jimmy answers the question everyone is asking: ‚ÄúAm I Gonna Beat You?‚Äù. Big challenges to come on the 30th!!!,2024-11-21T14:00:07Z,[],17,61089449,5002046,0,185273,PT14M,hd,true,True,processed,public,True,True,UCtxD0x6AuNNqdXO9Wp5GHew,UR ¬∑ Cristiano,Welcome to UR Cristiano - the official YouTube channel of Cristiano Ronaldo. SIUUUbscribe!,PT,https://yt3.ggpht.com/7HR7AS1zqCg3HDKKhU734Hoqaz277rXAkSkjJlui8cf_jrw31GZF2aPn3i9JS6Hhwgcxutp0jg=s88-c-k-c0x00ffffff-no-rj,76700000,111,
IgS9lBdpvT0,Georgina Tricks Me Into Revealing My New Guest,Will Cristiano announce the name of the next video collab?,2024-11-19T14:00:16Z,[],17,4358792,285976,0,12499,PT1M43S,hd,false,True,processed,public,True,True,UCtxD0x6AuNNqdXO9Wp5GHew,UR ¬∑ Cristiano,Welcome to UR Cristiano - the official YouTube channel of Cristiano Ronaldo. SIUUUbscribe!,PT,https://yt3.ggpht.com/7HR7AS1zqCg3HDKKhU734Hoqaz277rXAkSkjJlui8cf_jrw31GZF2aPn3i9JS6Hhwgcxutp0jg=s88-c-k-c0x00ffffff-no-rj,76700000,111,
KWlnfCZeN74,And My New Guest Is‚Ä¶,Rio Ferdinand asks Cristiano about his next video collab,2024-11-17T14:00:15Z,[],17,3874600,310372,0,15712,PT2M3S,hd,false,True,processed,public,True,True,UCtxD0x6AuNNqdXO9Wp5GHew,UR ¬∑ Cristiano,Welcome to UR Cristiano - the official YouTube channel of Cristiano Ronaldo. SIUUUbscribe!,PT,https://yt3.ggpht.com/7HR7AS1zqCg3HDKKhU734Hoqaz277rXAkSkjJlui8cf_jrw31GZF2aPn3i9JS6Hhwgcxutp0jg=s88-c-k-c0x00ffffff-no-rj,76700000,111,
kKRIdktinVg,‚ÄúA Surprise Is Coming‚Äù. A message to my fans,,2024-11-16T14:00:46Z,[],17,3202671,452485,0,15394,PT23S,hd,true,True,processed,public,True,True,UCtxD0x6AuNNqdXO9Wp5GHew,UR ¬∑ Cristiano,Welcome to UR Cristiano - the official YouTube channel of Cristiano Ronaldo. SIUUUbscribe!,PT,https://yt3.ggpht.com/7HR7AS1zqCg3HDKKhU734Hoqaz277rXAkSkjJlui8cf_jrw31GZF2aPn3i9JS6Hhwgcxutp0jg=s88-c-k-c0x00ffffff-no-rj,76700000,111,
GuKBqwp1XMc,Cristiano‚Äôs Teammates Reveal All His Secrets!! (FUNNY),"Bernardo Silva and Bruno Fernandes tell all the hidden stories about Cristiano Ronaldo. And your idol sends a message to all the siuuubscribers.

All of these exciting moments happened during the Quinas de Ouro Awards, in Lisbon.",2024-11-13T18:00:10Z,[],17,3338122,275999,0,11251,PT9M24S,hd,false,True,processed,public,True,True,UCtxD0x6AuNNqdXO9Wp5GHew,UR ¬∑ Cristiano,Welcome to UR Cristiano - the official YouTube channel of Cristiano Ronaldo. SIUUUbscribe!,PT,https://yt3.ggpht.com/7HR7AS1zqCg3HDKKhU734Hoqaz277rXAkSkjJlui8cf_jrw31GZF2aPn3i9JS6Hhwgcxutp0jg=s88-c-k-c0x00ffffff-no-rj,76700000,111,
PjmSUJBBvgQ,Cristiano Becomes A Cameraman For A Day (Trying His New Gadget),,2024-11-13T14:43:47Z,[],17,4165486,497915,0,9263,PT48S,hd,false,True,processed,public,True,True,UCtxD0x6AuNNqdXO9Wp5GHew,UR ¬∑ Cristiano,Welcome to UR Cristiano - the official YouTube channel of Cristiano Ronaldo. SIUUUbscribe!,PT,https://yt3.ggpht.com/7HR7AS1zqCg3HDKKhU734Hoqaz277rXAkSkjJlui8cf_jrw31GZF2aPn3i9JS6Hhwgcxutp0jg=s88-c-k-c0x00ffffff-no-rj,76700000,111,
hWtp3ZlvHZc,The AMAZING story of how Cristiano Ronaldo became a footballer,,2024-11-07T14:48:19Z,[],17,2202332,208504,0,12296,PT3M46S,hd,false,True,processed,public,True,True,UCtxD0x6AuNNqdXO9Wp5GHew,UR ¬∑ Cristiano,Welcome to UR Cristiano - the official YouTube channel of Cristiano Ronaldo. SIUUUbscribe!,PT,https://yt3.ggpht.com/7HR7AS1zqCg3HDKKhU734Hoqaz277rXAkSkjJlui8cf_jrw31GZF2aPn3i9JS6Hhwgcxutp0jg=s88-c-k-c0x00ffffff-no-rj,76700000,111,
7rMXmIGJZAQ,Watch me transform as I lift the Euro Cup with Portugal!,,2024-11-04T15:25:28Z,[],17,4121266,413011,0,8590,PT17S,hd,false,True,processed,public,True,True,UCtxD0x6AuNNqdXO9Wp5GHew,UR ¬∑ Cristiano,Welcome to UR Cristiano - the official YouTube channel of Cristiano Ronaldo. SIUUUbscribe!,PT,https://yt3.ggpht.com/7HR7AS1zqCg3HDKKhU734Hoqaz277rXAkSkjJlui8cf_jrw31GZF2aPn3i9JS6Hhwgcxutp0jg=s88-c-k-c0x00ffffff-no-rj,76700000,111,
HQ8SlJXcTto,I become an ANIME superhero!,,2024-10-30T14:00:15Z,[],17,4456443,394712,0,11134,PT9S,hd,false,True,processed,public,True,True,UCtxD0x6AuNNqdXO9Wp5GHew,UR ¬∑ Cristiano,Welcome to UR Cristiano - the official YouTube channel of Cristiano Ronaldo. SIUUUbscribe!,PT,https://yt3.ggpht.com/7HR7AS1zqCg3HDKKhU734Hoqaz277rXAkSkjJlui8cf_jrw31GZF2aPn3i9JS6Hhwgcxutp0jg=s88-c-k-c0x00ffffff-no-rj,76700000,111,
